MAG,N_OBS,N_CUM,BIN_RTE,CUM_RTE,MFD_FIT,MFD_FIT_AREA_NORM
5.55,2,6,1.1152e-01,2.1741e-01,2.1489e-01,7.4117e-02
5.6499999999999995,1,4,5.5759e-02,1.0589e-01,1.7501e-01,6.0360e-02
5.749999999999999,0,3,0.0000e+00,5.0132e-02,1.4244e-01,4.9127e-02
5.849999999999999,2,3,4.1724e-02,5.0132e-02,1.1585e-01,3.9955e-02
5.949999999999998,0,1,0.0000e+00,8.4080e-03,9.4131e-02,3.2466e-02
6.049999999999998,0,1,0.0000e+00,8.4080e-03,7.6400e-02,2.6351e-02
6.149999999999998,0,1,0.0000e+00,8.4080e-03,6.1922e-02,2.1357e-02
6.249999999999997,0,1,0.0000e+00,8.4080e-03,5.0100e-02,1.7280e-02
6.349999999999997,0,1,0.0000e+00,8.4080e-03,4.0447e-02,1.3950e-02
6.449999999999997,0,1,0.0000e+00,8.4080e-03,3.2565e-02,1.1232e-02
6.549999999999996,0,1,0.0000e+00,8.4080e-03,2.6129e-02,9.0120e-03
6.649999999999996,0,1,0.0000e+00,8.4080e-03,2.0874e-02,7.1994e-03
6.749999999999996,0,1,0.0000e+00,8.4080e-03,1.6583e-02,5.7194e-03
6.849999999999995,0,1,0.0000e+00,8.4080e-03,1.3079e-02,4.5109e-03
6.949999999999995,0,1,0.0000e+00,8.4080e-03,1.0218e-02,3.5241e-03
7.0499999999999945,0,1,0.0000e+00,8.4080e-03,7.8815e-03,2.7183e-03
7.149999999999994,0,1,0.0000e+00,8.4080e-03,5.9739e-03,2.0604e-03
7.249999999999994,0,1,0.0000e+00,8.4080e-03,4.4163e-03,1.5232e-03
7.349999999999993,0,1,0.0000e+00,8.4080e-03,3.1444e-03,1.0845e-03
7.449999999999993,0,1,0.0000e+00,8.4080e-03,2.1058e-03,7.2631e-04
7.549999999999993,0,1,0.0000e+00,8.4080e-03,1.2578e-03,4.3383e-04
7.649999999999992,0,1,0.0000e+00,8.4080e-03,5.6540e-04,1.9501e-04
7.749999999999992,1,1,8.4080e-03,8.4080e-03,5.6540e-04,1.9501e-04
