MAG,N_OBS,N_CUM,BIN_RTE,CUM_RTE,MFD_FIT,MFD_FIT_AREA_NORM
5.75,0,4,0.0000e+00,7.9554e-02,3.4786e-01,8.6116e-02
5.85,1,4,2.0862e-02,7.9554e-02,2.8485e-01,7.0517e-02
5.949999999999999,1,3,2.0862e-02,5.8692e-02,2.3317e-01,5.7724e-02
6.049999999999999,0,2,0.0000e+00,3.7830e-02,1.9079e-01,4.7232e-02
6.149999999999999,1,2,2.0862e-02,3.7830e-02,1.5603e-01,3.8627e-02
6.249999999999998,0,1,0.0000e+00,1.6968e-02,1.2753e-01,3.1570e-02
6.349999999999998,0,1,0.0000e+00,1.6968e-02,1.0415e-01,2.5782e-02
6.4499999999999975,0,1,0.0000e+00,1.6968e-02,8.4970e-02,2.1035e-02
6.549999999999997,0,1,0.0000e+00,1.6968e-02,6.9244e-02,1.7142e-02
6.649999999999997,0,1,0.0000e+00,1.6968e-02,5.6347e-02,1.3949e-02
6.7499999999999964,0,1,0.0000e+00,1.6968e-02,4.5769e-02,1.1331e-02
6.849999999999996,0,1,0.0000e+00,1.6968e-02,3.7094e-02,9.1830e-03
6.949999999999996,0,1,0.0000e+00,1.6968e-02,2.9979e-02,7.4216e-03
7.049999999999995,0,1,0.0000e+00,1.6968e-02,2.4144e-02,5.9770e-03
7.149999999999995,1,1,1.6968e-02,1.6968e-02,1.9358e-02,4.7923e-03
7.249999999999995,0,0,0.0000e+00,0.0000e+00,1.5433e-02,3.8206e-03
7.349999999999994,0,0,0.0000e+00,0.0000e+00,1.2214e-02,3.0237e-03
7.449999999999994,0,0,0.0000e+00,0.0000e+00,9.5741e-03,2.3702e-03
7.549999999999994,0,0,0.0000e+00,0.0000e+00,7.4089e-03,1.8341e-03
7.649999999999993,0,0,0.0000e+00,0.0000e+00,5.6331e-03,1.3945e-03
7.749999999999993,0,0,0.0000e+00,0.0000e+00,4.1767e-03,1.0340e-03
7.8499999999999925,0,0,0.0000e+00,0.0000e+00,2.9823e-03,7.3830e-04
7.949999999999992,0,0,0.0000e+00,0.0000e+00,2.0027e-03,4.9579e-04
8.049999999999992,0,0,0.0000e+00,0.0000e+00,1.1993e-03,2.9690e-04
8.149999999999991,0,0,0.0000e+00,0.0000e+00,5.4040e-04,1.3378e-04
8.249999999999991,0,0,0.0000e+00,0.0000e+00,5.4040e-04,1.3378e-04
