MAG,N_OBS,N_CUM,BIN_RTE,CUM_RTE,MFD_FIT,MFD_FIT_AREA_NORM
5.75,6,41,1.2517e-01,7.7592e-01,7.9113e-01,8.6116e-02
5.85,4,35,8.3447e-02,6.5074e-01,6.4783e-01,7.0517e-02
5.949999999999999,8,31,1.6689e-01,5.6730e-01,5.3030e-01,5.7724e-02
6.049999999999999,4,23,8.3447e-02,4.0040e-01,4.3391e-01,4.7232e-02
6.149999999999999,3,19,6.2586e-02,3.1695e-01,3.5486e-01,3.8627e-02
6.249999999999998,0,16,0.0000e+00,2.5437e-01,2.9003e-01,3.1570e-02
6.349999999999998,2,16,3.3936e-02,2.5437e-01,2.3686e-01,2.5782e-02
6.4499999999999975,2,14,3.3936e-02,2.2043e-01,1.9325e-01,2.1035e-02
6.549999999999997,1,12,1.6968e-02,1.8650e-01,1.5748e-01,1.7142e-02
6.649999999999997,1,11,1.6968e-02,1.6953e-01,1.2815e-01,1.3949e-02
6.7499999999999964,2,10,3.3936e-02,1.5256e-01,1.0409e-01,1.1331e-02
6.849999999999996,1,8,1.6968e-02,1.1862e-01,8.4362e-02,9.1830e-03
6.949999999999996,0,7,0.0000e+00,1.0166e-01,6.8181e-02,7.4216e-03
7.049999999999995,2,7,3.3936e-02,1.0166e-01,5.4910e-02,5.9770e-03
7.149999999999995,1,5,1.6968e-02,6.7720e-02,4.4026e-02,4.7923e-03
7.249999999999995,1,4,1.6968e-02,5.0752e-02,3.5099e-02,3.8206e-03
7.349999999999994,1,3,1.6968e-02,3.3784e-02,2.7778e-02,3.0237e-03
7.449999999999994,0,2,0.0000e+00,1.6816e-02,2.1774e-02,2.3702e-03
7.549999999999994,0,2,0.0000e+00,1.6816e-02,1.6850e-02,1.8341e-03
7.649999999999993,0,2,0.0000e+00,1.6816e-02,1.2811e-02,1.3945e-03
7.749999999999993,0,2,0.0000e+00,1.6816e-02,9.4991e-03,1.0340e-03
7.8499999999999925,0,2,0.0000e+00,1.6816e-02,6.7826e-03,7.3830e-04
7.949999999999992,0,2,0.0000e+00,1.6816e-02,4.5547e-03,4.9579e-04
8.049999999999992,1,2,8.4080e-03,1.6816e-02,2.7276e-03,2.9690e-04
8.149999999999991,0,1,0.0000e+00,8.4080e-03,1.2290e-03,1.3378e-04
8.249999999999991,1,1,8.4080e-03,8.4080e-03,1.2290e-03,1.3378e-04
