MAG,N_OBS,N_CUM,BIN_RTE,CUM_RTE,MFD_FIT,MFD_FIT_AREA_NORM
5.75,0,4,0.0000e+00,7.1766e-02,9.8523e-02,3.4569e-02
5.85,1,4,2.0862e-02,7.1766e-02,8.0677e-02,2.8308e-02
5.949999999999999,0,3,0.0000e+00,5.0904e-02,6.6041e-02,2.3172e-02
6.049999999999999,0,3,0.0000e+00,5.0904e-02,5.4037e-02,1.8960e-02
6.149999999999999,0,3,0.0000e+00,5.0904e-02,4.4193e-02,1.5506e-02
6.249999999999998,0,3,0.0000e+00,5.0904e-02,3.6119e-02,1.2673e-02
6.349999999999998,1,3,1.6968e-02,5.0904e-02,2.9497e-02,1.0350e-02
6.4499999999999975,0,2,0.0000e+00,3.3936e-02,2.4066e-02,8.4441e-03
6.549999999999997,0,2,0.0000e+00,3.3936e-02,1.9612e-02,6.8813e-03
6.649999999999997,0,2,0.0000e+00,3.3936e-02,1.5959e-02,5.5996e-03
6.7499999999999964,1,2,1.6968e-02,3.3936e-02,1.2963e-02,4.5484e-03
6.849999999999996,0,1,0.0000e+00,1.6968e-02,1.0506e-02,3.6863e-03
6.949999999999996,0,1,0.0000e+00,1.6968e-02,8.4909e-03,2.9792e-03
7.049999999999995,0,1,0.0000e+00,1.6968e-02,6.8382e-03,2.3993e-03
7.149999999999995,0,1,0.0000e+00,1.6968e-02,5.4827e-03,1.9237e-03
7.249999999999995,0,1,0.0000e+00,1.6968e-02,4.3711e-03,1.5337e-03
7.349999999999994,1,1,1.6968e-02,1.6968e-02,3.4594e-03,1.2138e-03
7.449999999999994,0,0,0.0000e+00,0.0000e+00,2.7116e-03,9.5144e-04
7.549999999999994,0,0,0.0000e+00,0.0000e+00,2.0984e-03,7.3627e-04
7.649999999999993,0,0,0.0000e+00,0.0000e+00,1.5955e-03,5.5980e-04
7.749999999999993,0,0,0.0000e+00,0.0000e+00,1.1830e-03,4.1507e-04
7.8499999999999925,0,0,0.0000e+00,0.0000e+00,8.4467e-04,2.9637e-04
7.949999999999992,0,0,0.0000e+00,0.0000e+00,5.6722e-04,1.9902e-04
8.049999999999992,0,0,0.0000e+00,0.0000e+00,3.3968e-04,1.1918e-04
8.149999999999991,0,0,0.0000e+00,0.0000e+00,1.5306e-04,5.3703e-05
8.249999999999991,0,0,0.0000e+00,0.0000e+00,1.5306e-04,5.3703e-05
