MAG,N_OBS,N_CUM,BIN_RTE,CUM_RTE,MFD_FIT,MFD_FIT_AREA_NORM
5.75,1,7,2.0862e-02,1.3435e-01,1.8073e-01,6.3778e-02
5.85,2,6,4.1724e-02,1.1349e-01,1.4799e-01,5.2226e-02
5.949999999999999,1,4,2.0862e-02,7.1766e-02,1.2114e-01,4.2751e-02
6.049999999999999,0,3,0.0000e+00,5.0904e-02,9.9124e-02,3.4981e-02
6.149999999999999,0,3,0.0000e+00,5.0904e-02,8.1065e-02,2.8608e-02
6.249999999999998,0,3,0.0000e+00,5.0904e-02,6.6255e-02,2.3381e-02
6.349999999999998,0,3,0.0000e+00,5.0904e-02,5.4108e-02,1.9095e-02
6.4499999999999975,0,3,0.0000e+00,5.0904e-02,4.4146e-02,1.5579e-02
6.549999999999997,0,3,0.0000e+00,5.0904e-02,3.5975e-02,1.2696e-02
6.649999999999997,0,3,0.0000e+00,5.0904e-02,2.9275e-02,1.0331e-02
6.7499999999999964,0,3,0.0000e+00,5.0904e-02,2.3779e-02,8.3915e-03
6.849999999999996,0,3,0.0000e+00,5.0904e-02,1.9272e-02,6.8010e-03
6.949999999999996,0,3,0.0000e+00,5.0904e-02,1.5575e-02,5.4965e-03
7.049999999999995,2,3,3.3936e-02,5.0904e-02,1.2544e-02,4.4266e-03
7.149999999999995,0,1,0.0000e+00,1.6968e-02,1.0057e-02,3.5492e-03
7.249999999999995,0,1,0.0000e+00,1.6968e-02,8.0181e-03,2.8296e-03
7.349999999999994,0,1,0.0000e+00,1.6968e-02,6.3457e-03,2.2394e-03
7.449999999999994,1,1,1.6968e-02,1.6968e-02,4.9741e-03,1.7554e-03
7.549999999999994,0,0,0.0000e+00,0.0000e+00,3.8492e-03,1.3584e-03
7.649999999999993,0,0,0.0000e+00,0.0000e+00,2.9266e-03,1.0328e-03
7.749999999999993,0,0,0.0000e+00,0.0000e+00,2.1700e-03,7.6578e-04
7.8499999999999925,0,0,0.0000e+00,0.0000e+00,1.5494e-03,5.4679e-04
7.949999999999992,0,0,0.0000e+00,0.0000e+00,1.0405e-03,3.6719e-04
8.049999999999992,0,0,0.0000e+00,0.0000e+00,6.2309e-04,2.1989e-04
8.149999999999991,0,0,0.0000e+00,0.0000e+00,2.8076e-04,9.9079e-05
8.249999999999991,0,0,0.0000e+00,0.0000e+00,2.8076e-04,9.9079e-05
