MAG,N_OBS,N_CUM,BIN_RTE,CUM_RTE,MFD_FIT,MFD_FIT_AREA_NORM
5.75,3,15,6.2586e-02,2.9735e-01,2.9617e-01,1.0689e-02
5.85,1,12,2.0862e-02,2.3477e-01,2.3921e-01,8.6330e-03
5.949999999999999,3,11,6.2586e-02,2.1391e-01,1.9315e-01,6.9709e-03
6.049999999999999,3,8,6.2586e-02,1.5132e-01,1.5592e-01,5.6273e-03
6.149999999999999,1,5,2.0862e-02,8.8734e-02,1.2583e-01,4.5411e-03
6.249999999999998,1,4,1.6968e-02,6.7872e-02,1.0149e-01,3.6629e-03
6.349999999999998,1,3,1.6968e-02,5.0904e-02,8.1825e-02,2.9530e-03
6.4499999999999975,0,2,0.0000e+00,3.3936e-02,6.5923e-02,2.3792e-03
6.549999999999997,1,2,1.6968e-02,3.3936e-02,5.3067e-02,1.9152e-03
6.649999999999997,0,1,0.0000e+00,1.6968e-02,4.2675e-02,1.5401e-03
6.7499999999999964,0,1,0.0000e+00,1.6968e-02,3.4273e-02,1.2369e-03
6.849999999999996,0,1,0.0000e+00,1.6968e-02,2.7481e-02,9.9180e-04
6.949999999999996,0,1,0.0000e+00,1.6968e-02,2.1990e-02,7.9363e-04
7.049999999999995,1,1,1.6968e-02,1.6968e-02,1.7551e-02,6.3343e-04
7.149999999999995,0,0,0.0000e+00,0.0000e+00,1.3963e-02,5.0392e-04
7.249999999999995,0,0,0.0000e+00,0.0000e+00,1.1062e-02,3.9922e-04
7.349999999999994,0,0,0.0000e+00,0.0000e+00,8.7166e-03,3.1458e-04
7.449999999999994,0,0,0.0000e+00,0.0000e+00,6.8207e-03,2.4616e-04
7.549999999999994,0,0,0.0000e+00,0.0000e+00,5.2879e-03,1.9084e-04
7.649999999999993,0,0,0.0000e+00,0.0000e+00,4.0488e-03,1.4612e-04
7.749999999999993,0,0,0.0000e+00,0.0000e+00,3.0471e-03,1.0997e-04
7.8499999999999925,0,0,0.0000e+00,0.0000e+00,2.2373e-03,8.0744e-05
7.949999999999992,0,0,0.0000e+00,0.0000e+00,1.5826e-03,5.7117e-05
8.049999999999992,0,0,0.0000e+00,0.0000e+00,1.0534e-03,3.8016e-05
8.149999999999991,0,0,0.0000e+00,0.0000e+00,6.2551e-04,2.2575e-05
8.249999999999991,0,0,0.0000e+00,0.0000e+00,2.7962e-04,1.0092e-05
8.34999999999999,0,0,0.0000e+00,0.0000e+00,2.7962e-04,1.0092e-05
