MAG,N_OBS,N_CUM,BIN_RTE,CUM_RTE,MFD_FIT,MFD_FIT_AREA_NORM
5.75,1,2,2.0862e-02,4.1724e-02,8.0091e-02,1.1225e-02
5.85,0,1,0.0000e+00,2.0862e-02,6.5584e-02,9.1922e-03
5.949999999999999,1,1,2.0862e-02,2.0862e-02,5.3686e-02,7.5245e-03
6.049999999999999,0,0,0.0000e+00,0.0000e+00,4.3928e-02,6.1569e-03
6.149999999999999,0,0,0.0000e+00,0.0000e+00,3.5925e-02,5.0352e-03
6.249999999999998,0,0,0.0000e+00,0.0000e+00,2.9362e-02,4.1153e-03
6.349999999999998,0,0,0.0000e+00,0.0000e+00,2.3979e-02,3.3608e-03
6.4499999999999975,0,0,0.0000e+00,0.0000e+00,1.9564e-02,2.7420e-03
6.549999999999997,0,0,0.0000e+00,0.0000e+00,1.5943e-02,2.2345e-03
6.649999999999997,0,0,0.0000e+00,0.0000e+00,1.2973e-02,1.8183e-03
6.7499999999999964,0,0,0.0000e+00,0.0000e+00,1.0538e-02,1.4770e-03
6.849999999999996,0,0,0.0000e+00,0.0000e+00,8.5405e-03,1.1970e-03
6.949999999999996,0,0,0.0000e+00,0.0000e+00,6.9024e-03,9.6743e-04
7.049999999999995,0,0,0.0000e+00,0.0000e+00,5.5589e-03,7.7912e-04
7.149999999999995,0,0,0.0000e+00,0.0000e+00,4.4570e-03,6.2469e-04
7.249999999999995,0,0,0.0000e+00,0.0000e+00,3.5533e-03,4.9803e-04
7.349999999999994,0,0,0.0000e+00,0.0000e+00,2.8122e-03,3.9415e-04
7.449999999999994,0,0,0.0000e+00,0.0000e+00,2.2043e-03,3.0896e-04
7.549999999999994,0,0,0.0000e+00,0.0000e+00,1.7058e-03,2.3909e-04
7.649999999999993,0,0,0.0000e+00,0.0000e+00,1.2970e-03,1.8178e-04
7.749999999999993,0,0,0.0000e+00,0.0000e+00,9.6166e-04,1.3478e-04
7.8499999999999925,0,0,0.0000e+00,0.0000e+00,6.8665e-04,9.6240e-05
7.949999999999992,0,0,0.0000e+00,0.0000e+00,4.6111e-04,6.4628e-05
8.049999999999992,0,0,0.0000e+00,0.0000e+00,2.7613e-04,3.8702e-05
8.149999999999991,0,0,0.0000e+00,0.0000e+00,1.2442e-04,1.7439e-05
8.249999999999991,0,0,0.0000e+00,0.0000e+00,1.2442e-04,1.7439e-05
