MAG,N_OBS,N_CUM,BIN_RTE,CUM_RTE,MFD_FIT,MFD_FIT_AREA_NORM
5.75,1,8,2.0862e-02,1.4276e-01,1.9921e-01,3.4569e-02
5.85,2,7,4.1724e-02,1.2190e-01,1.6313e-01,2.8308e-02
5.949999999999999,0,5,0.0000e+00,8.0174e-02,1.3353e-01,2.3172e-02
6.049999999999999,1,5,2.0862e-02,8.0174e-02,1.0926e-01,1.8960e-02
6.149999999999999,0,4,0.0000e+00,5.9312e-02,8.9357e-02,1.5506e-02
6.249999999999998,0,4,0.0000e+00,5.9312e-02,7.3031e-02,1.2673e-02
6.349999999999998,1,4,1.6968e-02,5.9312e-02,5.9642e-02,1.0350e-02
6.4499999999999975,0,3,0.0000e+00,4.2344e-02,4.8661e-02,8.4441e-03
6.549999999999997,0,3,0.0000e+00,4.2344e-02,3.9655e-02,6.8813e-03
6.649999999999997,1,3,1.6968e-02,4.2344e-02,3.2269e-02,5.5996e-03
6.7499999999999964,1,2,1.6968e-02,2.5376e-02,2.6211e-02,4.5484e-03
6.849999999999996,0,1,0.0000e+00,8.4080e-03,2.1243e-02,3.6863e-03
6.949999999999996,0,1,0.0000e+00,8.4080e-03,1.7168e-02,2.9792e-03
7.049999999999995,0,1,0.0000e+00,8.4080e-03,1.3827e-02,2.3993e-03
7.149999999999995,0,1,0.0000e+00,8.4080e-03,1.1086e-02,1.9237e-03
7.249999999999995,0,1,0.0000e+00,8.4080e-03,8.8383e-03,1.5337e-03
7.349999999999994,0,1,0.0000e+00,8.4080e-03,6.9948e-03,1.2138e-03
7.449999999999994,0,1,0.0000e+00,8.4080e-03,5.4829e-03,9.5144e-04
7.549999999999994,1,1,8.4080e-03,8.4080e-03,4.2429e-03,7.3627e-04
7.649999999999993,0,0,0.0000e+00,0.0000e+00,3.2260e-03,5.5980e-04
7.749999999999993,0,0,0.0000e+00,0.0000e+00,2.3919e-03,4.1507e-04
7.8499999999999925,0,0,0.0000e+00,0.0000e+00,1.7079e-03,2.9637e-04
7.949999999999992,0,0,0.0000e+00,0.0000e+00,1.1469e-03,1.9902e-04
8.049999999999992,0,0,0.0000e+00,0.0000e+00,6.8682e-04,1.1918e-04
8.149999999999991,0,0,0.0000e+00,0.0000e+00,3.0947e-04,5.3703e-05
8.249999999999991,0,0,0.0000e+00,0.0000e+00,3.0947e-04,5.3703e-05
