MAG,N_OBS,N_CUM,BIN_RTE,CUM_RTE,MFD_FIT,MFD_FIT_AREA_NORM
5.75,0,2,0.0000e+00,4.1724e-02,4.3164e-02,1.1225e-02
5.85,1,2,2.0862e-02,4.1724e-02,3.5345e-02,9.1922e-03
5.949999999999999,0,1,0.0000e+00,2.0862e-02,2.8933e-02,7.5245e-03
6.049999999999999,0,1,0.0000e+00,2.0862e-02,2.3674e-02,6.1569e-03
6.149999999999999,1,1,2.0862e-02,2.0862e-02,1.9361e-02,5.0352e-03
6.249999999999998,0,0,0.0000e+00,0.0000e+00,1.5824e-02,4.1153e-03
6.349999999999998,0,0,0.0000e+00,0.0000e+00,1.2923e-02,3.3608e-03
6.4499999999999975,0,0,0.0000e+00,0.0000e+00,1.0544e-02,2.7420e-03
6.549999999999997,0,0,0.0000e+00,0.0000e+00,8.5922e-03,2.2345e-03
6.649999999999997,0,0,0.0000e+00,0.0000e+00,6.9918e-03,1.8183e-03
6.7499999999999964,0,0,0.0000e+00,0.0000e+00,5.6792e-03,1.4770e-03
6.849999999999996,0,0,0.0000e+00,0.0000e+00,4.6028e-03,1.1970e-03
6.949999999999996,0,0,0.0000e+00,0.0000e+00,3.7199e-03,9.6743e-04
7.049999999999995,0,0,0.0000e+00,0.0000e+00,2.9959e-03,7.7912e-04
7.149999999999995,0,0,0.0000e+00,0.0000e+00,2.4020e-03,6.2469e-04
7.249999999999995,0,0,0.0000e+00,0.0000e+00,1.9150e-03,4.9803e-04
7.349999999999994,0,0,0.0000e+00,0.0000e+00,1.5156e-03,3.9415e-04
7.449999999999994,0,0,0.0000e+00,0.0000e+00,1.1880e-03,3.0896e-04
7.549999999999994,0,0,0.0000e+00,0.0000e+00,9.1933e-04,2.3909e-04
7.649999999999993,0,0,0.0000e+00,0.0000e+00,6.9898e-04,1.8178e-04
7.749999999999993,0,0,0.0000e+00,0.0000e+00,5.1827e-04,1.3478e-04
7.8499999999999925,0,0,0.0000e+00,0.0000e+00,3.7006e-04,9.6240e-05
7.949999999999992,0,0,0.0000e+00,0.0000e+00,2.4851e-04,6.4628e-05
8.049999999999992,0,0,0.0000e+00,0.0000e+00,1.4881e-04,3.8702e-05
8.149999999999991,0,0,0.0000e+00,0.0000e+00,6.7055e-05,1.7439e-05
8.249999999999991,0,0,0.0000e+00,0.0000e+00,6.7055e-05,1.7439e-05
