MAG,N_OBS,N_CUM,BIN_RTE,CUM_RTE,MFD_FIT,MFD_FIT_AREA_NORM
5.75,3,18,6.2586e-02,3.5604e-01,2.4622e-01,1.1225e-02
5.85,7,15,1.4603e-01,2.9346e-01,2.0163e-01,9.1922e-03
5.949999999999999,2,8,4.1724e-02,1.4743e-01,1.6505e-01,7.5245e-03
6.049999999999999,0,6,0.0000e+00,1.0570e-01,1.3505e-01,6.1569e-03
6.149999999999999,1,6,2.0862e-02,1.0570e-01,1.1044e-01,5.0352e-03
6.249999999999998,2,5,3.3936e-02,8.4840e-02,9.0266e-02,4.1153e-03
6.349999999999998,2,3,3.3936e-02,5.0904e-02,7.3717e-02,3.3608e-03
6.4499999999999975,1,1,1.6968e-02,1.6968e-02,6.0145e-02,2.7420e-03
6.549999999999997,0,0,0.0000e+00,0.0000e+00,4.9013e-02,2.2345e-03
6.649999999999997,0,0,0.0000e+00,0.0000e+00,3.9884e-02,1.8183e-03
6.7499999999999964,0,0,0.0000e+00,0.0000e+00,3.2397e-02,1.4770e-03
6.849999999999996,0,0,0.0000e+00,0.0000e+00,2.6256e-02,1.1970e-03
6.949999999999996,0,0,0.0000e+00,0.0000e+00,2.1220e-02,9.6743e-04
7.049999999999995,0,0,0.0000e+00,0.0000e+00,1.7090e-02,7.7912e-04
7.149999999999995,0,0,0.0000e+00,0.0000e+00,1.3702e-02,6.2469e-04
7.249999999999995,0,0,0.0000e+00,0.0000e+00,1.0924e-02,4.9803e-04
7.349999999999994,0,0,0.0000e+00,0.0000e+00,8.6455e-03,3.9415e-04
7.449999999999994,0,0,0.0000e+00,0.0000e+00,6.7768e-03,3.0896e-04
7.549999999999994,0,0,0.0000e+00,0.0000e+00,5.2442e-03,2.3909e-04
7.649999999999993,0,0,0.0000e+00,0.0000e+00,3.9873e-03,1.8178e-04
7.749999999999993,0,0,0.0000e+00,0.0000e+00,2.9564e-03,1.3478e-04
7.8499999999999925,0,0,0.0000e+00,0.0000e+00,2.1110e-03,9.6240e-05
7.949999999999992,0,0,0.0000e+00,0.0000e+00,1.4176e-03,6.4628e-05
8.049999999999992,0,0,0.0000e+00,0.0000e+00,8.4890e-04,3.8702e-05
8.149999999999991,0,0,0.0000e+00,0.0000e+00,3.8251e-04,1.7439e-05
8.249999999999991,0,0,0.0000e+00,0.0000e+00,3.8251e-04,1.7439e-05
