MAG,N_OBS,N_CUM,BIN_RTE,CUM_RTE,MFD_FIT,MFD_FIT_AREA_NORM
5.75,2,6,4.1724e-02,1.2128e-01,6.8999e-02,1.1225e-02
5.85,1,4,2.0862e-02,7.9554e-02,5.6501e-02,9.1922e-03
5.949999999999999,1,3,2.0862e-02,5.8692e-02,4.6251e-02,7.5245e-03
6.049999999999999,1,2,2.0862e-02,3.7830e-02,3.7844e-02,6.1569e-03
6.149999999999999,0,1,0.0000e+00,1.6968e-02,3.0950e-02,5.0352e-03
6.249999999999998,0,1,0.0000e+00,1.6968e-02,2.5295e-02,4.1153e-03
6.349999999999998,0,1,0.0000e+00,1.6968e-02,2.0658e-02,3.3608e-03
6.4499999999999975,1,1,1.6968e-02,1.6968e-02,1.6854e-02,2.7420e-03
6.549999999999997,0,0,0.0000e+00,0.0000e+00,1.3735e-02,2.2345e-03
6.649999999999997,0,0,0.0000e+00,0.0000e+00,1.1177e-02,1.8183e-03
6.7499999999999964,0,0,0.0000e+00,0.0000e+00,9.0785e-03,1.4770e-03
6.849999999999996,0,0,0.0000e+00,0.0000e+00,7.3577e-03,1.1970e-03
6.949999999999996,0,0,0.0000e+00,0.0000e+00,5.9464e-03,9.6743e-04
7.049999999999995,0,0,0.0000e+00,0.0000e+00,4.7890e-03,7.7912e-04
7.149999999999995,0,0,0.0000e+00,0.0000e+00,3.8397e-03,6.2469e-04
7.249999999999995,0,0,0.0000e+00,0.0000e+00,3.0612e-03,4.9803e-04
7.349999999999994,0,0,0.0000e+00,0.0000e+00,2.4227e-03,3.9415e-04
7.449999999999994,0,0,0.0000e+00,0.0000e+00,1.8990e-03,3.0896e-04
7.549999999999994,0,0,0.0000e+00,0.0000e+00,1.4696e-03,2.3909e-04
7.649999999999993,0,0,0.0000e+00,0.0000e+00,1.1173e-03,1.8178e-04
7.749999999999993,0,0,0.0000e+00,0.0000e+00,8.2847e-04,1.3478e-04
7.8499999999999925,0,0,0.0000e+00,0.0000e+00,5.9155e-04,9.6240e-05
7.949999999999992,0,0,0.0000e+00,0.0000e+00,3.9724e-04,6.4628e-05
8.049999999999992,0,0,0.0000e+00,0.0000e+00,2.3789e-04,3.8702e-05
8.149999999999991,0,0,0.0000e+00,0.0000e+00,1.0719e-04,1.7439e-05
8.249999999999991,0,0,0.0000e+00,0.0000e+00,1.0719e-04,1.7439e-05
