MAG,N_OBS,N_CUM,BIN_RTE,CUM_RTE,MFD_FIT,MFD_FIT_AREA_NORM
5.75,3,69,6.2586e-02,1.3172e+00,1.3092e+00,1.9244e-01
5.85,7,66,1.4603e-01,1.2546e+00,1.0569e+00,1.5535e-01
5.949999999999999,8,59,1.6689e-01,1.1086e+00,8.5286e-01,1.2536e-01
6.049999999999999,11,51,2.2948e-01,9.4170e-01,6.8794e-01,1.0112e-01
6.149999999999999,13,40,2.7120e-01,7.1222e-01,5.5462e-01,8.1524e-02
6.249999999999998,7,27,1.1878e-01,4.4102e-01,4.4683e-01,6.5681e-02
6.349999999999998,6,20,1.0181e-01,3.2224e-01,3.5970e-01,5.2873e-02
6.4499999999999975,5,14,8.4840e-02,2.2043e-01,2.8925e-01,4.2518e-02
6.549999999999997,4,9,6.7872e-02,1.3559e-01,2.3231e-01,3.4147e-02
6.649999999999997,1,5,1.6968e-02,6.7720e-02,1.8627e-01,2.7380e-02
6.7499999999999964,1,4,1.6968e-02,5.0752e-02,1.4905e-01,2.1910e-02
6.849999999999996,0,3,0.0000e+00,3.3784e-02,1.1897e-01,1.7487e-02
6.949999999999996,0,3,0.0000e+00,3.3784e-02,9.4642e-02,1.3912e-02
7.049999999999995,0,3,0.0000e+00,3.3784e-02,7.4979e-02,1.1021e-02
7.149999999999995,1,3,1.6968e-02,3.3784e-02,5.9082e-02,8.6846e-03
7.249999999999995,0,2,0.0000e+00,1.6816e-02,4.6231e-02,6.7956e-03
7.349999999999994,0,2,0.0000e+00,1.6816e-02,3.5842e-02,5.2685e-03
7.449999999999994,0,2,0.0000e+00,1.6816e-02,2.7443e-02,4.0339e-03
7.549999999999994,1,2,8.4080e-03,1.6816e-02,2.0654e-02,3.0359e-03
7.649999999999993,0,1,0.0000e+00,8.4080e-03,1.5165e-02,2.2291e-03
7.749999999999993,0,1,0.0000e+00,8.4080e-03,1.0727e-02,1.5768e-03
7.8499999999999925,0,1,0.0000e+00,8.4080e-03,7.1399e-03,1.0495e-03
7.949999999999992,1,1,8.4080e-03,8.4080e-03,4.2398e-03,6.2322e-04
8.049999999999992,0,0,0.0000e+00,0.0000e+00,1.8953e-03,2.7860e-04
8.149999999999991,0,0,0.0000e+00,0.0000e+00,1.8953e-03,2.7860e-04
