MAG,N_OBS,N_CUM,BIN_RTE,CUM_RTE,MFD_FIT,MFD_FIT_AREA_NORM
5.55,1,14,5.5759e-02,3.4239e-01,3.4126e-01,3.4311e-02
5.6499999999999995,1,13,5.5759e-02,2.8663e-01,2.7593e-01,2.7742e-02
5.749999999999999,1,12,2.0862e-02,2.3087e-01,2.2306e-01,2.2427e-02
5.849999999999999,1,11,2.0862e-02,2.1001e-01,1.8028e-01,1.8126e-02
5.949999999999998,2,10,4.1724e-02,1.8915e-01,1.4566e-01,1.4645e-02
6.049999999999998,3,8,6.2586e-02,1.4743e-01,1.1765e-01,1.1829e-02
6.149999999999998,0,5,0.0000e+00,8.4840e-02,9.4987e-02,9.5502e-03
6.249999999999997,2,5,3.3936e-02,8.4840e-02,7.6646e-02,7.7062e-03
6.349999999999997,0,3,0.0000e+00,5.0904e-02,6.1806e-02,6.2140e-03
6.449999999999997,1,3,1.6968e-02,5.0904e-02,4.9797e-02,5.0067e-03
6.549999999999996,0,2,0.0000e+00,3.3936e-02,4.0079e-02,4.0297e-03
6.649999999999996,0,2,0.0000e+00,3.3936e-02,3.2216e-02,3.2391e-03
6.749999999999996,0,2,0.0000e+00,3.3936e-02,2.5854e-02,2.5994e-03
6.849999999999995,1,2,1.6968e-02,3.3936e-02,2.0705e-02,2.0818e-03
6.949999999999995,1,1,1.6968e-02,1.6968e-02,1.6539e-02,1.6629e-03
7.0499999999999945,0,0,0.0000e+00,0.0000e+00,1.3168e-02,1.3240e-03
7.149999999999994,0,0,0.0000e+00,0.0000e+00,1.0441e-02,1.0497e-03
7.249999999999994,0,0,0.0000e+00,0.0000e+00,8.2333e-03,8.2779e-04
7.349999999999993,0,0,0.0000e+00,0.0000e+00,6.4473e-03,6.4822e-04
7.449999999999993,0,0,0.0000e+00,0.0000e+00,5.0020e-03,5.0291e-04
7.549999999999993,0,0,0.0000e+00,0.0000e+00,3.8326e-03,3.8534e-04
7.649999999999992,0,0,0.0000e+00,0.0000e+00,2.8863e-03,2.9019e-04
7.749999999999992,0,0,0.0000e+00,0.0000e+00,2.1206e-03,2.1321e-04
7.849999999999992,0,0,0.0000e+00,0.0000e+00,1.5010e-03,1.5091e-04
7.949999999999991,0,0,0.0000e+00,0.0000e+00,9.9961e-04,1.0050e-04
8.04999999999999,0,0,0.0000e+00,0.0000e+00,5.9392e-04,5.9713e-05
8.149999999999991,0,0,0.0000e+00,0.0000e+00,2.6564e-04,2.6708e-05
8.24999999999999,0,0,0.0000e+00,0.0000e+00,2.6564e-04,2.6708e-05
