MAG,N_OBS,N_CUM,BIN_RTE,CUM_RTE,MFD_FIT,MFD_FIT_AREA_NORM
5.55,1,6,5.5759e-02,2.6087e-01,3.7553e-01,2.9432e-02
5.6499999999999995,3,5,1.6728e-01,2.0511e-01,3.0363e-01,2.3797e-02
5.749999999999999,1,2,2.0862e-02,3.7830e-02,2.4545e-01,1.9238e-02
5.849999999999999,0,1,0.0000e+00,1.6968e-02,1.9838e-01,1.5548e-02
5.949999999999998,0,1,0.0000e+00,1.6968e-02,1.6029e-01,1.2563e-02
6.049999999999998,0,1,0.0000e+00,1.6968e-02,1.2946e-01,1.0147e-02
6.149999999999998,0,1,0.0000e+00,1.6968e-02,1.0452e-01,8.1921e-03
6.249999999999997,0,1,0.0000e+00,1.6968e-02,8.4341e-02,6.6103e-03
6.349999999999997,0,1,0.0000e+00,1.6968e-02,6.8010e-02,5.3304e-03
6.449999999999997,1,1,1.6968e-02,1.6968e-02,5.4796e-02,4.2947e-03
6.549999999999996,0,0,0.0000e+00,0.0000e+00,4.4103e-02,3.4566e-03
6.649999999999996,0,0,0.0000e+00,0.0000e+00,3.5451e-02,2.7785e-03
6.749999999999996,0,0,0.0000e+00,0.0000e+00,2.8449e-02,2.2298e-03
6.849999999999995,0,0,0.0000e+00,0.0000e+00,2.2784e-02,1.7857e-03
6.949999999999995,0,0,0.0000e+00,0.0000e+00,1.8200e-02,1.4264e-03
7.0499999999999945,0,0,0.0000e+00,0.0000e+00,1.4490e-02,1.1357e-03
7.149999999999994,0,0,0.0000e+00,0.0000e+00,1.1489e-02,9.0044e-04
7.249999999999994,0,0,0.0000e+00,0.0000e+00,9.0599e-03,7.1008e-04
7.349999999999993,0,0,0.0000e+00,0.0000e+00,7.0945e-03,5.5604e-04
7.449999999999993,0,0,0.0000e+00,0.0000e+00,5.5042e-03,4.3140e-04
7.549999999999993,0,0,0.0000e+00,0.0000e+00,4.2174e-03,3.3054e-04
7.649999999999992,0,0,0.0000e+00,0.0000e+00,3.1761e-03,2.4893e-04
7.749999999999992,0,0,0.0000e+00,0.0000e+00,2.3335e-03,1.8289e-04
7.849999999999992,0,0,0.0000e+00,0.0000e+00,1.6517e-03,1.2945e-04
7.949999999999991,0,0,0.0000e+00,0.0000e+00,1.1000e-03,8.6211e-05
8.04999999999999,0,0,0.0000e+00,0.0000e+00,6.5354e-04,5.1222e-05
8.149999999999991,0,0,0.0000e+00,0.0000e+00,2.9230e-04,2.2910e-05
8.24999999999999,0,0,0.0000e+00,0.0000e+00,2.9230e-04,2.2910e-05
