MAG,N_OBS,N_CUM,BIN_RTE,CUM_RTE,MFD_FIT,MFD_FIT_AREA_NORM
5.75,2,13,4.1724e-02,2.4784e-01,2.4432e-01,6.1890e-02
5.85,1,11,2.0862e-02,2.0612e-01,1.9684e-01,4.9863e-02
5.949999999999999,1,10,2.0862e-02,1.8526e-01,1.5845e-01,4.0139e-02
6.049999999999999,2,9,4.1724e-02,1.6439e-01,1.2742e-01,3.2278e-02
6.149999999999999,1,7,2.0862e-02,1.2267e-01,1.0234e-01,2.5924e-02
6.249999999999998,2,6,3.3936e-02,1.0181e-01,8.2055e-02,2.0786e-02
6.349999999999998,1,4,1.6968e-02,6.7872e-02,6.5660e-02,1.6633e-02
6.4499999999999975,1,3,1.6968e-02,5.0904e-02,5.2406e-02,1.3276e-02
6.549999999999997,1,2,1.6968e-02,3.3936e-02,4.1692e-02,1.0561e-02
6.649999999999997,0,1,0.0000e+00,1.6968e-02,3.3029e-02,8.3670e-03
6.7499999999999964,0,1,0.0000e+00,1.6968e-02,2.6027e-02,6.5931e-03
6.849999999999996,1,1,1.6968e-02,1.6968e-02,2.0366e-02,5.1590e-03
6.949999999999996,0,0,0.0000e+00,0.0000e+00,1.5789e-02,3.9997e-03
7.049999999999995,0,0,0.0000e+00,0.0000e+00,1.2089e-02,3.0624e-03
7.149999999999995,0,0,0.0000e+00,0.0000e+00,9.0983e-03,2.3048e-03
7.249999999999995,0,0,0.0000e+00,0.0000e+00,6.6803e-03,1.6922e-03
7.349999999999994,0,0,0.0000e+00,0.0000e+00,4.7255e-03,1.1971e-03
7.449999999999994,0,0,0.0000e+00,0.0000e+00,3.1452e-03,7.9675e-04
7.549999999999994,0,0,0.0000e+00,0.0000e+00,1.8677e-03,4.7313e-04
7.649999999999993,0,0,0.0000e+00,0.0000e+00,8.3492e-04,2.1150e-04
7.749999999999993,0,0,0.0000e+00,0.0000e+00,8.3492e-04,2.1150e-04
