MAG,N_OBS,N_CUM,BIN_RTE,CUM_RTE,MFD_FIT,MFD_FIT_AREA_NORM
5.55,0,9,0.0000e+00,1.7608e-01,2.6205e-01,1.3392e-02
5.6499999999999995,0,9,0.0000e+00,1.7608e-01,2.1360e-01,1.0916e-02
5.749999999999999,1,9,2.0862e-02,1.7608e-01,1.7404e-01,8.8943e-03
5.849999999999999,1,8,2.0862e-02,1.5521e-01,1.4173e-01,7.2434e-03
5.949999999999998,0,7,0.0000e+00,1.3435e-01,1.1536e-01,5.8955e-03
6.049999999999998,2,7,4.1724e-02,1.3435e-01,9.3821e-02,4.7948e-03
6.149999999999998,2,5,4.1724e-02,9.2628e-02,7.6235e-02,3.8960e-03
6.249999999999997,0,3,0.0000e+00,5.0904e-02,6.1875e-02,3.1622e-03
6.349999999999997,0,3,0.0000e+00,5.0904e-02,5.0150e-02,2.5629e-03
6.449999999999997,2,3,3.3936e-02,5.0904e-02,4.0575e-02,2.0736e-03
6.549999999999996,0,1,0.0000e+00,1.6968e-02,3.2758e-02,1.6741e-03
6.649999999999996,0,1,0.0000e+00,1.6968e-02,2.6374e-02,1.3479e-03
6.749999999999996,1,1,1.6968e-02,1.6968e-02,2.1162e-02,1.0815e-03
6.849999999999995,0,0,0.0000e+00,0.0000e+00,1.6905e-02,8.6396e-04
6.949999999999995,0,0,0.0000e+00,0.0000e+00,1.3430e-02,6.8635e-04
7.0499999999999945,0,0,0.0000e+00,0.0000e+00,1.0592e-02,5.4132e-04
7.149999999999994,0,0,0.0000e+00,0.0000e+00,8.2751e-03,4.2290e-04
7.249999999999994,0,0,0.0000e+00,0.0000e+00,6.3831e-03,3.2621e-04
7.349999999999993,0,0,0.0000e+00,0.0000e+00,4.8381e-03,2.4726e-04
7.449999999999993,0,0,0.0000e+00,0.0000e+00,3.5766e-03,1.8279e-04
7.549999999999993,0,0,0.0000e+00,0.0000e+00,2.5466e-03,1.3014e-04
7.649999999999992,0,0,0.0000e+00,0.0000e+00,1.7055e-03,8.7160e-05
7.749999999999992,0,0,0.0000e+00,0.0000e+00,1.0187e-03,5.2061e-05
7.849999999999992,0,0,0.0000e+00,0.0000e+00,4.5791e-04,2.3402e-05
7.949999999999991,0,0,0.0000e+00,0.0000e+00,4.5791e-04,2.3402e-05
