MAG,N_OBS,N_CUM,BIN_RTE,CUM_RTE,MFD_FIT,MFD_FIT_AREA_NORM
5.75,2,2,4.1724e-02,4.1724e-02,3.8473e-02,3.4196e-03
5.85,0,0,0.0000e+00,0.0000e+00,3.0479e-02,2.7091e-03
5.949999999999999,0,0,0.0000e+00,0.0000e+00,2.4017e-02,2.1347e-03
6.049999999999999,0,0,0.0000e+00,0.0000e+00,1.8793e-02,1.6704e-03
6.149999999999999,0,0,0.0000e+00,0.0000e+00,1.4570e-02,1.2950e-03
6.249999999999998,0,0,0.0000e+00,0.0000e+00,1.1156e-02,9.9158e-04
6.349999999999998,0,0,0.0000e+00,0.0000e+00,8.3958e-03,7.4625e-04
6.4499999999999975,0,0,0.0000e+00,0.0000e+00,6.1645e-03,5.4792e-04
6.549999999999997,0,0,0.0000e+00,0.0000e+00,4.3607e-03,3.8759e-04
6.649999999999997,0,0,0.0000e+00,0.0000e+00,2.9024e-03,2.5798e-04
6.7499999999999964,0,0,0.0000e+00,0.0000e+00,1.7235e-03,1.5319e-04
6.849999999999996,0,0,0.0000e+00,0.0000e+00,7.7046e-04,6.8482e-05
6.949999999999996,0,0,0.0000e+00,0.0000e+00,7.7046e-04,6.8482e-05
