MAG,N_OBS,N_CUM,BIN_RTE,CUM_RTE,MFD_FIT,MFD_FIT_AREA_NORM
5.75,1,6,2.0862e-02,1.1349e-01,1.1635e-01,1.1225e-02
5.85,0,5,0.0000e+00,9.2628e-02,9.5273e-02,9.1922e-03
5.949999999999999,0,5,0.0000e+00,9.2628e-02,7.7989e-02,7.5245e-03
6.049999999999999,1,5,2.0862e-02,9.2628e-02,6.3813e-02,6.1569e-03
6.149999999999999,1,4,2.0862e-02,7.1766e-02,5.2188e-02,5.0352e-03
6.249999999999998,1,3,1.6968e-02,5.0904e-02,4.2653e-02,4.1153e-03
6.349999999999998,0,2,0.0000e+00,3.3936e-02,3.4833e-02,3.3608e-03
6.4499999999999975,0,2,0.0000e+00,3.3936e-02,2.8420e-02,2.7420e-03
6.549999999999997,2,2,3.3936e-02,3.3936e-02,2.3160e-02,2.2345e-03
6.649999999999997,0,0,0.0000e+00,0.0000e+00,1.8846e-02,1.8183e-03
6.7499999999999964,0,0,0.0000e+00,0.0000e+00,1.5308e-02,1.4770e-03
6.849999999999996,0,0,0.0000e+00,0.0000e+00,1.2407e-02,1.1970e-03
6.949999999999996,0,0,0.0000e+00,0.0000e+00,1.0027e-02,9.6743e-04
7.049999999999995,0,0,0.0000e+00,0.0000e+00,8.0753e-03,7.7912e-04
7.149999999999995,0,0,0.0000e+00,0.0000e+00,6.4746e-03,6.2469e-04
7.249999999999995,0,0,0.0000e+00,0.0000e+00,5.1619e-03,4.9803e-04
7.349999999999994,0,0,0.0000e+00,0.0000e+00,4.0852e-03,3.9415e-04
7.449999999999994,0,0,0.0000e+00,0.0000e+00,3.2022e-03,3.0896e-04
7.549999999999994,0,0,0.0000e+00,0.0000e+00,2.4780e-03,2.3909e-04
7.649999999999993,0,0,0.0000e+00,0.0000e+00,1.8841e-03,1.8178e-04
7.749999999999993,0,0,0.0000e+00,0.0000e+00,1.3970e-03,1.3478e-04
7.8499999999999925,0,0,0.0000e+00,0.0000e+00,9.9748e-04,9.6240e-05
7.949999999999992,0,0,0.0000e+00,0.0000e+00,6.6984e-04,6.4628e-05
8.049999999999992,0,0,0.0000e+00,0.0000e+00,4.0113e-04,3.8702e-05
8.149999999999991,0,0,0.0000e+00,0.0000e+00,1.8074e-04,1.7439e-05
8.249999999999991,0,0,0.0000e+00,0.0000e+00,1.8074e-04,1.7439e-05
