MAG,N_OBS,N_CUM,BIN_RTE,CUM_RTE,MFD_FIT,MFD_FIT_AREA_NORM
5.75,3,13,6.2586e-02,2.3928e-01,2.3783e-01,6.9600e-02
5.85,1,10,2.0862e-02,1.7670e-01,1.9199e-01,5.6185e-02
5.949999999999999,1,9,2.0862e-02,1.5583e-01,1.5493e-01,4.5340e-02
6.049999999999999,1,8,2.0862e-02,1.3497e-01,1.2497e-01,3.6572e-02
6.149999999999999,1,7,2.0862e-02,1.1411e-01,1.0075e-01,2.9484e-02
6.249999999999998,1,6,1.6968e-02,9.3248e-02,8.1170e-02,2.3754e-02
6.349999999999998,0,5,0.0000e+00,7.6280e-02,6.5341e-02,1.9122e-02
6.4499999999999975,1,5,1.6968e-02,7.6280e-02,5.2545e-02,1.5377e-02
6.549999999999997,0,4,0.0000e+00,5.9312e-02,4.2200e-02,1.2350e-02
6.649999999999997,0,4,0.0000e+00,5.9312e-02,3.3837e-02,9.9024e-03
6.7499999999999964,0,4,0.0000e+00,5.9312e-02,2.7077e-02,7.9239e-03
6.849999999999996,1,4,1.6968e-02,5.9312e-02,2.1611e-02,6.3244e-03
6.949999999999996,0,3,0.0000e+00,4.2344e-02,1.7192e-02,5.0313e-03
7.049999999999995,0,3,0.0000e+00,4.2344e-02,1.3620e-02,3.9860e-03
7.149999999999995,0,3,0.0000e+00,4.2344e-02,1.0733e-02,3.1409e-03
7.249999999999995,1,3,1.6968e-02,4.2344e-02,8.3982e-03,2.4577e-03
7.349999999999994,0,2,0.0000e+00,2.5376e-02,6.5110e-03,1.9054e-03
7.449999999999994,1,2,1.6968e-02,2.5376e-02,4.9853e-03,1.4589e-03
7.549999999999994,0,1,0.0000e+00,8.4080e-03,3.7519e-03,1.0980e-03
7.649999999999993,0,1,0.0000e+00,8.4080e-03,2.7548e-03,8.0617e-04
7.749999999999993,1,1,8.4080e-03,8.4080e-03,1.9487e-03,5.7027e-04
7.8499999999999925,0,0,0.0000e+00,0.0000e+00,1.2970e-03,3.7957e-04
7.949999999999992,0,0,0.0000e+00,0.0000e+00,7.7019e-04,2.2539e-04
8.049999999999992,0,0,0.0000e+00,0.0000e+00,3.4430e-04,1.0076e-04
8.149999999999991,0,0,0.0000e+00,0.0000e+00,3.4430e-04,1.0076e-04
