MAG,N_OBS,N_CUM,BIN_RTE,CUM_RTE,MFD_FIT,MFD_FIT_AREA_NORM
5.55,1,18,5.5759e-02,5.2664e-01,5.2257e-01,4.4618e-02
5.6499999999999995,4,17,2.2304e-01,4.7088e-01,4.2596e-01,3.6368e-02
5.749999999999999,3,13,6.2586e-02,2.4784e-01,3.4706e-01,2.9633e-02
5.849999999999999,1,10,2.0862e-02,1.8526e-01,2.8265e-01,2.4133e-02
5.949999999999998,0,9,0.0000e+00,1.6439e-01,2.3005e-01,1.9642e-02
6.049999999999998,2,9,4.1724e-02,1.6439e-01,1.8710e-01,1.5975e-02
6.149999999999998,1,7,2.0862e-02,1.2267e-01,1.5203e-01,1.2980e-02
6.249999999999997,2,6,3.3936e-02,1.0181e-01,1.2339e-01,1.0535e-02
6.349999999999997,0,4,0.0000e+00,6.7872e-02,1.0001e-01,8.5388e-03
6.449999999999997,0,4,0.0000e+00,6.7872e-02,8.0915e-02,6.9086e-03
6.549999999999996,1,4,1.6968e-02,6.7872e-02,6.5325e-02,5.5775e-03
6.649999999999996,1,3,1.6968e-02,5.0904e-02,5.2595e-02,4.4906e-03
6.749999999999996,0,2,0.0000e+00,3.3936e-02,4.2200e-02,3.6031e-03
6.849999999999995,0,2,0.0000e+00,3.3936e-02,3.3713e-02,2.8784e-03
6.949999999999995,0,2,0.0000e+00,3.3936e-02,2.6782e-02,2.2867e-03
7.0499999999999945,0,2,0.0000e+00,3.3936e-02,2.1123e-02,1.8035e-03
7.149999999999994,1,2,1.6968e-02,3.3936e-02,1.6502e-02,1.4090e-03
7.249999999999994,0,1,0.0000e+00,1.6968e-02,1.2729e-02,1.0868e-03
7.349999999999993,0,1,0.0000e+00,1.6968e-02,9.6482e-03,8.2377e-04
7.449999999999993,1,1,1.6968e-02,1.6968e-02,7.1325e-03,6.0898e-04
7.549999999999993,0,0,0.0000e+00,0.0000e+00,5.0784e-03,4.3360e-04
7.649999999999992,0,0,0.0000e+00,0.0000e+00,3.4011e-03,2.9039e-04
7.749999999999992,0,0,0.0000e+00,0.0000e+00,2.0315e-03,1.7345e-04
7.849999999999992,0,0,0.0000e+00,0.0000e+00,9.1316e-04,7.7966e-05
7.949999999999991,0,0,0.0000e+00,0.0000e+00,9.1316e-04,7.7966e-05
