MAG,N_OBS,N_CUM,BIN_RTE,CUM_RTE,MFD_FIT,MFD_FIT_AREA_NORM
5.75,1,2,2.0862e-02,4.1724e-02,1.8587e-01,3.4569e-02
5.85,0,1,0.0000e+00,2.0862e-02,1.5220e-01,2.8308e-02
5.949999999999999,1,1,2.0862e-02,2.0862e-02,1.2459e-01,2.3172e-02
6.049999999999999,0,0,0.0000e+00,0.0000e+00,1.0195e-01,1.8960e-02
6.149999999999999,0,0,0.0000e+00,0.0000e+00,8.3372e-02,1.5506e-02
6.249999999999998,0,0,0.0000e+00,0.0000e+00,6.8140e-02,1.2673e-02
6.349999999999998,0,0,0.0000e+00,0.0000e+00,5.5648e-02,1.0350e-02
6.4499999999999975,0,0,0.0000e+00,0.0000e+00,4.5402e-02,8.4441e-03
6.549999999999997,0,0,0.0000e+00,0.0000e+00,3.6999e-02,6.8813e-03
6.649999999999997,0,0,0.0000e+00,0.0000e+00,3.0108e-02,5.5996e-03
6.7499999999999964,0,0,0.0000e+00,0.0000e+00,2.4456e-02,4.5484e-03
6.849999999999996,0,0,0.0000e+00,0.0000e+00,1.9820e-02,3.6863e-03
6.949999999999996,0,0,0.0000e+00,0.0000e+00,1.6019e-02,2.9792e-03
7.049999999999995,0,0,0.0000e+00,0.0000e+00,1.2901e-02,2.3993e-03
7.149999999999995,0,0,0.0000e+00,0.0000e+00,1.0344e-02,1.9237e-03
7.249999999999995,0,0,0.0000e+00,0.0000e+00,8.2463e-03,1.5337e-03
7.349999999999994,0,0,0.0000e+00,0.0000e+00,6.5263e-03,1.2138e-03
7.449999999999994,0,0,0.0000e+00,0.0000e+00,5.1157e-03,9.5144e-04
7.549999999999994,0,0,0.0000e+00,0.0000e+00,3.9588e-03,7.3627e-04
7.649999999999993,0,0,0.0000e+00,0.0000e+00,3.0099e-03,5.5980e-04
7.749999999999993,0,0,0.0000e+00,0.0000e+00,2.2317e-03,4.1507e-04
7.8499999999999925,0,0,0.0000e+00,0.0000e+00,1.5935e-03,2.9637e-04
7.949999999999992,0,0,0.0000e+00,0.0000e+00,1.0701e-03,1.9902e-04
8.049999999999992,0,0,0.0000e+00,0.0000e+00,6.4082e-04,1.1918e-04
8.149999999999991,0,0,0.0000e+00,0.0000e+00,2.8875e-04,5.3703e-05
8.249999999999991,0,0,0.0000e+00,0.0000e+00,2.8875e-04,5.3703e-05
