MAG,N_OBS,N_CUM,BIN_RTE,CUM_RTE,MFD_FIT,MFD_FIT_AREA_NORM
5.75,0,7,0.0000e+00,1.2656e-01,1.5944e-01,7.8512e-02
5.85,1,7,2.0862e-02,1.2656e-01,1.2845e-01,6.3254e-02
5.949999999999999,1,6,2.0862e-02,1.0570e-01,1.0340e-01,5.0919e-02
6.049999999999999,0,5,0.0000e+00,8.4840e-02,8.3153e-02,4.0947e-02
6.149999999999999,0,5,0.0000e+00,8.4840e-02,6.6782e-02,3.2886e-02
6.249999999999998,2,5,3.3936e-02,8.4840e-02,5.3548e-02,2.6369e-02
6.349999999999998,0,3,0.0000e+00,5.0904e-02,4.2849e-02,2.1100e-02
6.4499999999999975,1,3,1.6968e-02,5.0904e-02,3.4199e-02,1.6841e-02
6.549999999999997,0,2,0.0000e+00,3.3936e-02,2.7207e-02,1.3398e-02
6.649999999999997,0,2,0.0000e+00,3.3936e-02,2.1554e-02,1.0614e-02
6.7499999999999964,1,2,1.6968e-02,3.3936e-02,1.6985e-02,8.3637e-03
6.849999999999996,0,1,0.0000e+00,1.6968e-02,1.3290e-02,6.5445e-03
6.949999999999996,0,1,0.0000e+00,1.6968e-02,1.0304e-02,5.0738e-03
7.049999999999995,0,1,0.0000e+00,1.6968e-02,7.8892e-03,3.8849e-03
7.149999999999995,0,1,0.0000e+00,1.6968e-02,5.9373e-03,2.9237e-03
7.249999999999995,1,1,1.6968e-02,1.6968e-02,4.3594e-03,2.1467e-03
7.349999999999994,0,0,0.0000e+00,0.0000e+00,3.0838e-03,1.5185e-03
7.449999999999994,0,0,0.0000e+00,0.0000e+00,2.0525e-03,1.0107e-03
7.549999999999994,0,0,0.0000e+00,0.0000e+00,1.2188e-03,6.0019e-04
7.649999999999993,0,0,0.0000e+00,0.0000e+00,5.4485e-04,2.6830e-04
7.749999999999993,0,0,0.0000e+00,0.0000e+00,5.4485e-04,2.6830e-04
