MAG,N_OBS,N_CUM,BIN_RTE,CUM_RTE,MFD_FIT,MFD_FIT_AREA_NORM
5.75,8,42,1.6689e-01,7.9366e-01,7.4075e-01,6.3778e-02
5.85,4,34,8.3447e-02,6.2676e-01,6.0658e-01,5.2226e-02
5.949999999999999,6,30,1.2517e-01,5.4331e-01,4.9653e-01,4.2751e-02
6.049999999999999,2,24,4.1724e-02,4.1814e-01,4.0628e-01,3.4981e-02
6.149999999999999,3,22,6.2586e-02,3.7642e-01,3.3227e-01,2.8608e-02
6.249999999999998,2,19,3.3936e-02,3.1383e-01,2.7156e-01,2.3381e-02
6.349999999999998,1,17,1.6968e-02,2.7990e-01,2.2177e-01,1.9095e-02
6.4499999999999975,2,16,3.3936e-02,2.6293e-01,1.8094e-01,1.5579e-02
6.549999999999997,4,14,6.7872e-02,2.2899e-01,1.4745e-01,1.2696e-02
6.649999999999997,0,10,0.0000e+00,1.6112e-01,1.1999e-01,1.0331e-02
6.7499999999999964,2,10,3.3936e-02,1.6112e-01,9.7464e-02,8.3915e-03
6.849999999999996,2,8,3.3936e-02,1.2718e-01,7.8990e-02,6.8010e-03
6.949999999999996,0,6,0.0000e+00,9.3248e-02,6.3839e-02,5.4965e-03
7.049999999999995,2,6,3.3936e-02,9.3248e-02,5.1413e-02,4.4266e-03
7.149999999999995,2,4,3.3936e-02,5.9312e-02,4.1222e-02,3.5492e-03
7.249999999999995,1,2,1.6968e-02,2.5376e-02,3.2864e-02,2.8296e-03
7.349999999999994,0,1,0.0000e+00,8.4080e-03,2.6009e-02,2.2394e-03
7.449999999999994,0,1,0.0000e+00,8.4080e-03,2.0388e-02,1.7554e-03
7.549999999999994,1,1,8.4080e-03,8.4080e-03,1.5777e-02,1.3584e-03
7.649999999999993,0,0,0.0000e+00,0.0000e+00,1.1995e-02,1.0328e-03
7.749999999999993,0,0,0.0000e+00,0.0000e+00,8.8942e-03,7.6578e-04
7.8499999999999925,0,0,0.0000e+00,0.0000e+00,6.3507e-03,5.4679e-04
7.949999999999992,0,0,0.0000e+00,0.0000e+00,4.2647e-03,3.6719e-04
8.049999999999992,0,0,0.0000e+00,0.0000e+00,2.5539e-03,2.1989e-04
8.149999999999991,0,0,0.0000e+00,0.0000e+00,1.1508e-03,9.9079e-05
8.249999999999991,0,0,0.0000e+00,0.0000e+00,1.1508e-03,9.9079e-05
