MAG,N_OBS,N_CUM,BIN_RTE,CUM_RTE,MFD_FIT,MFD_FIT_AREA_NORM
5.55,2,21,1.1152e-01,5.1164e-01,5.0901e-01,3.3305e-02
5.6499999999999995,1,19,5.5759e-02,4.0012e-01,4.1514e-01,2.7163e-02
5.749999999999999,4,18,8.3447e-02,3.4436e-01,3.3850e-01,2.2148e-02
5.849999999999999,3,14,6.2586e-02,2.6092e-01,2.7591e-01,1.8053e-02
5.949999999999998,1,11,2.0862e-02,1.9833e-01,2.2481e-01,1.4710e-02
6.049999999999998,2,10,4.1724e-02,1.7747e-01,1.8309e-01,1.1979e-02
6.149999999999998,0,8,0.0000e+00,1.3574e-01,1.4901e-01,9.7501e-03
6.249999999999997,1,8,1.6968e-02,1.3574e-01,1.2119e-01,7.9298e-03
6.349999999999997,1,7,1.6968e-02,1.1878e-01,9.8476e-02,6.4434e-03
6.449999999999997,0,6,0.0000e+00,1.0181e-01,7.9927e-02,5.2297e-03
6.549999999999996,2,6,3.3936e-02,1.0181e-01,6.4781e-02,4.2387e-03
6.649999999999996,0,4,0.0000e+00,6.7872e-02,5.2413e-02,3.4294e-03
6.749999999999996,1,4,1.6968e-02,6.7872e-02,4.2315e-02,2.7687e-03
6.849999999999995,0,3,0.0000e+00,5.0904e-02,3.4069e-02,2.2291e-03
6.949999999999995,0,3,0.0000e+00,5.0904e-02,2.7335e-02,1.7886e-03
7.0499999999999945,1,3,1.6968e-02,5.0904e-02,2.1838e-02,1.4288e-03
7.149999999999994,1,2,1.6968e-02,3.3936e-02,1.7348e-02,1.1351e-03
7.249999999999994,1,1,1.6968e-02,1.6968e-02,1.3683e-02,8.9526e-04
7.349999999999993,0,0,0.0000e+00,0.0000e+00,1.0689e-02,6.9942e-04
7.449999999999993,0,0,0.0000e+00,0.0000e+00,8.2453e-03,5.3950e-04
7.549999999999993,0,0,0.0000e+00,0.0000e+00,6.2497e-03,4.0892e-04
7.649999999999992,0,0,0.0000e+00,0.0000e+00,4.6201e-03,3.0230e-04
7.749999999999992,0,0,0.0000e+00,0.0000e+00,3.2895e-03,2.1524e-04
7.849999999999992,0,0,0.0000e+00,0.0000e+00,2.2031e-03,1.4415e-04
7.949999999999991,0,0,0.0000e+00,0.0000e+00,1.3159e-03,8.6101e-05
8.04999999999999,0,0,0.0000e+00,0.0000e+00,5.9150e-04,3.8703e-05
8.149999999999991,0,0,0.0000e+00,0.0000e+00,5.9150e-04,3.8703e-05
