MAG,N_OBS,N_CUM,BIN_RTE,CUM_RTE,MFD_FIT,MFD_FIT_AREA_NORM
5.75,5,32,1.0431e-01,5.9672e-01,3.0298e-01,8.6116e-02
5.85,3,27,6.2586e-02,4.9241e-01,2.4810e-01,7.0517e-02
5.949999999999999,6,24,1.2517e-01,4.2982e-01,2.0309e-01,5.7724e-02
6.049999999999999,0,18,0.0000e+00,3.0465e-01,1.6618e-01,4.7232e-02
6.149999999999999,2,18,4.1724e-02,3.0465e-01,1.3590e-01,3.8627e-02
6.249999999999998,1,16,1.6968e-02,2.6293e-01,1.1107e-01,3.1570e-02
6.349999999999998,2,15,3.3936e-02,2.4596e-01,9.0710e-02,2.5782e-02
6.4499999999999975,3,13,5.0904e-02,2.1202e-01,7.4009e-02,2.1035e-02
6.549999999999997,1,10,1.6968e-02,1.6112e-01,6.0312e-02,1.7142e-02
6.649999999999997,1,9,1.6968e-02,1.4415e-01,4.9078e-02,1.3949e-02
6.7499999999999964,1,8,1.6968e-02,1.2718e-01,3.9865e-02,1.1331e-02
6.849999999999996,1,7,1.6968e-02,1.1022e-01,3.2309e-02,9.1830e-03
6.949999999999996,0,6,0.0000e+00,9.3248e-02,2.6112e-02,7.4216e-03
7.049999999999995,3,6,5.0904e-02,9.3248e-02,2.1029e-02,5.9770e-03
7.149999999999995,0,3,0.0000e+00,4.2344e-02,1.6861e-02,4.7923e-03
7.249999999999995,1,3,1.6968e-02,4.2344e-02,1.3442e-02,3.8206e-03
7.349999999999994,1,2,1.6968e-02,2.5376e-02,1.0638e-02,3.0237e-03
7.449999999999994,0,1,0.0000e+00,8.4080e-03,8.3390e-03,2.3702e-03
7.549999999999994,0,1,0.0000e+00,8.4080e-03,6.4531e-03,1.8341e-03
7.649999999999993,0,1,0.0000e+00,8.4080e-03,4.9064e-03,1.3945e-03
7.749999999999993,0,1,0.0000e+00,8.4080e-03,3.6379e-03,1.0340e-03
7.8499999999999925,0,1,0.0000e+00,8.4080e-03,2.5976e-03,7.3830e-04
7.949999999999992,0,1,0.0000e+00,8.4080e-03,1.7443e-03,4.9579e-04
8.049999999999992,1,1,8.4080e-03,8.4080e-03,1.0446e-03,2.9690e-04
8.149999999999991,0,0,0.0000e+00,0.0000e+00,4.7068e-04,1.3378e-04
8.249999999999991,0,0,0.0000e+00,0.0000e+00,4.7068e-04,1.3378e-04
