MAG,N_OBS,N_CUM,BIN_RTE,CUM_RTE,MFD_FIT,MFD_FIT_AREA_NORM
5.75,9,29,1.8776e-01,5.4816e-01,5.4484e-01,1.8828e-01
5.85,4,20,8.3447e-02,3.6041e-01,4.3982e-01,1.5199e-01
5.949999999999999,4,16,8.3447e-02,2.7696e-01,3.5492e-01,1.2265e-01
6.049999999999999,3,12,6.2586e-02,1.9351e-01,2.8629e-01,9.8934e-02
6.149999999999999,1,9,2.0862e-02,1.3093e-01,2.3081e-01,7.9760e-02
6.249999999999998,0,8,0.0000e+00,1.1006e-01,1.8595e-01,6.4259e-02
6.349999999999998,1,8,1.6968e-02,1.1006e-01,1.4969e-01,5.1728e-02
6.4499999999999975,1,7,1.6968e-02,9.3096e-02,1.2037e-01,4.1598e-02
6.549999999999997,0,6,0.0000e+00,7.6128e-02,9.6676e-02,3.3408e-02
6.649999999999997,0,6,0.0000e+00,7.6128e-02,7.7517e-02,2.6788e-02
6.7499999999999964,1,6,1.6968e-02,7.6128e-02,6.2029e-02,2.1435e-02
6.849999999999996,1,5,1.6968e-02,5.9160e-02,4.9508e-02,1.7109e-02
6.949999999999996,0,4,0.0000e+00,4.2192e-02,3.9386e-02,1.3611e-02
7.049999999999995,0,4,0.0000e+00,4.2192e-02,3.1203e-02,1.0783e-02
7.149999999999995,1,4,1.6968e-02,4.2192e-02,2.4587e-02,8.4967e-03
7.249999999999995,0,3,0.0000e+00,2.5224e-02,1.9239e-02,6.6486e-03
7.349999999999994,0,3,0.0000e+00,2.5224e-02,1.4916e-02,5.1545e-03
7.449999999999994,0,3,0.0000e+00,2.5224e-02,1.1421e-02,3.9467e-03
7.549999999999994,2,3,1.6816e-02,2.5224e-02,8.5951e-03,2.9702e-03
7.649999999999993,0,1,0.0000e+00,8.4080e-03,6.3108e-03,2.1808e-03
7.749999999999993,0,1,0.0000e+00,8.4080e-03,4.4641e-03,1.5427e-03
7.8499999999999925,0,1,0.0000e+00,8.4080e-03,2.9713e-03,1.0268e-03
7.949999999999992,1,1,8.4080e-03,8.4080e-03,1.7644e-03,6.0973e-04
8.049999999999992,0,0,0.0000e+00,0.0000e+00,7.8875e-04,2.7257e-04
8.149999999999991,0,0,0.0000e+00,0.0000e+00,7.8875e-04,2.7257e-04
