MAG,N_OBS,N_CUM,BIN_RTE,CUM_RTE,MFD_FIT,MFD_FIT_AREA_NORM
5.55,1,13,5.5759e-02,4.0300e-01,3.9601e-01,3.4206e-02
5.6499999999999995,3,12,1.6728e-01,3.4725e-01,3.2207e-01,2.7820e-02
5.749999999999999,1,9,2.0862e-02,1.7997e-01,2.6170e-01,2.2605e-02
5.849999999999999,2,8,4.1724e-02,1.5911e-01,2.1241e-01,1.8347e-02
5.949999999999998,1,6,2.0862e-02,1.1738e-01,1.7216e-01,1.4870e-02
6.049999999999998,1,5,2.0862e-02,9.6522e-02,1.3929e-01,1.2031e-02
6.149999999999998,2,4,4.1724e-02,7.5660e-02,1.1245e-01,9.7133e-03
6.249999999999997,0,2,0.0000e+00,3.3936e-02,9.0538e-02,7.8204e-03
6.349999999999997,1,2,1.6968e-02,3.3936e-02,7.2644e-02,6.2748e-03
6.449999999999997,0,1,0.0000e+00,1.6968e-02,5.8034e-02,5.0128e-03
6.549999999999996,1,1,1.6968e-02,1.6968e-02,4.6103e-02,3.9823e-03
6.649999999999996,0,0,0.0000e+00,0.0000e+00,3.6362e-02,3.1408e-03
6.749999999999996,0,0,0.0000e+00,0.0000e+00,2.8407e-02,2.4537e-03
6.849999999999995,0,0,0.0000e+00,0.0000e+00,2.1912e-02,1.8927e-03
6.949999999999995,0,0,0.0000e+00,0.0000e+00,1.6609e-02,1.4346e-03
7.0499999999999945,0,0,0.0000e+00,0.0000e+00,1.2278e-02,1.0605e-03
7.149999999999994,0,0,0.0000e+00,0.0000e+00,8.7420e-03,7.5511e-04
7.249999999999994,0,0,0.0000e+00,0.0000e+00,5.8547e-03,5.0571e-04
7.349999999999993,0,0,0.0000e+00,0.0000e+00,3.4970e-03,3.0206e-04
7.449999999999993,0,0,0.0000e+00,0.0000e+00,1.5719e-03,1.3578e-04
7.549999999999993,0,0,0.0000e+00,0.0000e+00,1.5719e-03,1.3578e-04
