MAG,N_OBS,N_CUM,BIN_RTE,CUM_RTE,MFD_FIT,MFD_FIT_AREA_NORM
5.75,6,39,1.2517e-01,7.3107e-01,7.1176e-01,3.4569e-02
5.85,7,33,1.4603e-01,6.0590e-01,5.8284e-01,2.8308e-02
5.949999999999999,2,26,4.1724e-02,4.5987e-01,4.7710e-01,2.3172e-02
6.049999999999999,2,24,4.1724e-02,4.1814e-01,3.9038e-01,1.8960e-02
6.149999999999999,3,22,6.2586e-02,3.7642e-01,3.1926e-01,1.5506e-02
6.249999999999998,2,19,3.3936e-02,3.1383e-01,2.6093e-01,1.2673e-02
6.349999999999998,2,17,3.3936e-02,2.7990e-01,2.1309e-01,1.0350e-02
6.4499999999999975,3,15,5.0904e-02,2.4596e-01,1.7386e-01,8.4441e-03
6.549999999999997,1,12,1.6968e-02,1.9506e-01,1.4168e-01,6.8813e-03
6.649999999999997,2,11,3.3936e-02,1.7809e-01,1.1529e-01,5.5996e-03
6.7499999999999964,1,9,1.6968e-02,1.4415e-01,9.3650e-02,4.5484e-03
6.849999999999996,4,8,6.7872e-02,1.2718e-01,7.5899e-02,3.6863e-03
6.949999999999996,3,4,5.0904e-02,5.9312e-02,6.1341e-02,2.9792e-03
7.049999999999995,0,1,0.0000e+00,8.4080e-03,4.9401e-02,2.3993e-03
7.149999999999995,0,1,0.0000e+00,8.4080e-03,3.9609e-02,1.9237e-03
7.249999999999995,0,1,0.0000e+00,8.4080e-03,3.1578e-02,1.5337e-03
7.349999999999994,0,1,0.0000e+00,8.4080e-03,2.4992e-02,1.2138e-03
7.449999999999994,0,1,0.0000e+00,8.4080e-03,1.9590e-02,9.5144e-04
7.549999999999994,0,1,0.0000e+00,8.4080e-03,1.5160e-02,7.3627e-04
7.649999999999993,0,1,0.0000e+00,8.4080e-03,1.1526e-02,5.5980e-04
7.749999999999993,0,1,0.0000e+00,8.4080e-03,8.5461e-03,4.1507e-04
7.8499999999999925,1,1,8.4080e-03,8.4080e-03,6.1022e-03,2.9637e-04
7.949999999999992,0,0,0.0000e+00,0.0000e+00,4.0978e-03,1.9902e-04
8.049999999999992,0,0,0.0000e+00,0.0000e+00,2.4539e-03,1.1918e-04
8.149999999999991,0,0,0.0000e+00,0.0000e+00,1.1057e-03,5.3703e-05
8.249999999999991,0,0,0.0000e+00,0.0000e+00,1.1057e-03,5.3703e-05
