MAG,N_OBS,N_CUM,BIN_RTE,CUM_RTE,MFD_FIT,MFD_FIT_AREA_NORM
5.55,0,8,0.0000e+00,1.3887e-01,2.5266e-01,1.8669e-01
5.6499999999999995,0,8,0.0000e+00,1.3887e-01,2.0587e-01,1.5212e-01
5.749999999999999,0,8,0.0000e+00,1.3887e-01,1.6766e-01,1.2388e-01
5.849999999999999,2,8,4.1724e-02,1.3887e-01,1.3645e-01,1.0083e-01
5.949999999999998,0,6,0.0000e+00,9.7142e-02,1.1098e-01,8.2003e-02
6.049999999999998,1,6,2.0862e-02,9.7142e-02,9.0177e-02,6.6632e-02
6.149999999999998,0,5,0.0000e+00,7.6280e-02,7.3191e-02,5.4081e-02
6.249999999999997,0,5,0.0000e+00,7.6280e-02,5.9321e-02,4.3833e-02
6.349999999999997,0,5,0.0000e+00,7.6280e-02,4.7996e-02,3.5464e-02
6.449999999999997,0,5,0.0000e+00,7.6280e-02,3.8748e-02,2.8631e-02
6.549999999999996,0,5,0.0000e+00,7.6280e-02,3.1197e-02,2.3052e-02
6.649999999999996,2,5,3.3936e-02,7.6280e-02,2.5032e-02,1.8496e-02
6.749999999999996,0,3,0.0000e+00,4.2344e-02,1.9997e-02,1.4776e-02
6.849999999999995,0,3,0.0000e+00,4.2344e-02,1.5886e-02,1.1738e-02
6.949999999999995,2,3,3.3936e-02,4.2344e-02,1.2529e-02,9.2580e-03
7.0499999999999945,0,1,0.0000e+00,8.4080e-03,9.7885e-03,7.2328e-03
7.149999999999994,0,1,0.0000e+00,8.4080e-03,7.5504e-03,5.5791e-03
7.249999999999994,0,1,0.0000e+00,8.4080e-03,5.7229e-03,4.2287e-03
7.349999999999993,0,1,0.0000e+00,8.4080e-03,4.2307e-03,3.1261e-03
7.449999999999993,0,1,0.0000e+00,8.4080e-03,3.0123e-03,2.2258e-03
7.549999999999993,0,1,0.0000e+00,8.4080e-03,2.0174e-03,1.4907e-03
7.649999999999992,1,1,8.4080e-03,8.4080e-03,1.2050e-03,8.9038e-04
7.749999999999992,0,0,0.0000e+00,0.0000e+00,5.4165e-04,4.0023e-04
7.849999999999992,0,0,0.0000e+00,0.0000e+00,5.4165e-04,4.0023e-04
