MAG,N_OBS,N_CUM,BIN_RTE,CUM_RTE,MFD_FIT,MFD_FIT_AREA_NORM
5.75,2,7,4.1724e-02,1.3825e-01,1.3121e-01,6.9068e-02
5.85,1,5,2.0862e-02,9.6522e-02,1.0472e-01,5.5126e-02
5.949999999999999,0,4,0.0000e+00,7.5660e-02,8.3310e-02,4.3855e-02
6.049999999999999,2,4,4.1724e-02,7.5660e-02,6.6001e-02,3.4743e-02
6.149999999999999,0,2,0.0000e+00,3.3936e-02,5.2008e-02,2.7377e-02
6.249999999999998,0,2,0.0000e+00,3.3936e-02,4.0695e-02,2.1422e-02
6.349999999999998,0,2,0.0000e+00,3.3936e-02,3.1550e-02,1.6608e-02
6.4499999999999975,0,2,0.0000e+00,3.3936e-02,2.4157e-02,1.2717e-02
6.549999999999997,0,2,0.0000e+00,3.3936e-02,1.8180e-02,9.5704e-03
6.649999999999997,1,2,1.6968e-02,3.3936e-02,1.3349e-02,7.0269e-03
6.7499999999999964,0,1,0.0000e+00,1.6968e-02,9.4427e-03,4.9707e-03
6.849999999999996,0,1,0.0000e+00,1.6968e-02,6.2849e-03,3.3084e-03
6.949999999999996,0,1,0.0000e+00,1.6968e-02,3.7321e-03,1.9646e-03
7.049999999999995,0,1,0.0000e+00,1.6968e-02,1.6684e-03,8.7825e-04
7.149999999999995,1,1,1.6968e-02,1.6968e-02,1.6684e-03,8.7825e-04
