MAG,N_OBS,N_CUM,BIN_RTE,CUM_RTE,MFD_FIT,MFD_FIT_AREA_NORM
5.75,1,7,2.0862e-02,1.4214e-01,1.4082e-01,1.8515e-02
5.85,2,6,4.1724e-02,1.2128e-01,1.1359e-01,1.4935e-02
5.949999999999999,1,4,2.0862e-02,7.9554e-02,9.1574e-02,1.2040e-02
6.049999999999999,1,3,2.0862e-02,5.8692e-02,7.3778e-02,9.7005e-03
6.149999999999999,1,2,2.0862e-02,3.7830e-02,5.9390e-02,7.8088e-03
6.249999999999998,1,1,1.6968e-02,1.6968e-02,4.7760e-02,6.2796e-03
6.349999999999998,0,0,0.0000e+00,0.0000e+00,3.8357e-02,5.0433e-03
6.4499999999999975,0,0,0.0000e+00,0.0000e+00,3.0756e-02,4.0438e-03
6.549999999999997,0,0,0.0000e+00,0.0000e+00,2.4611e-02,3.2359e-03
6.649999999999997,0,0,0.0000e+00,0.0000e+00,1.9643e-02,2.5827e-03
6.7499999999999964,0,0,0.0000e+00,0.0000e+00,1.5627e-02,2.0546e-03
6.849999999999996,0,0,0.0000e+00,0.0000e+00,1.2380e-02,1.6277e-03
6.949999999999996,0,0,0.0000e+00,0.0000e+00,9.7552e-03,1.2826e-03
7.049999999999995,0,0,0.0000e+00,0.0000e+00,7.6334e-03,1.0037e-03
7.149999999999995,0,0,0.0000e+00,0.0000e+00,5.9180e-03,7.7811e-04
7.249999999999995,0,0,0.0000e+00,0.0000e+00,4.5312e-03,5.9578e-04
7.349999999999994,0,0,0.0000e+00,0.0000e+00,3.4102e-03,4.4838e-04
7.449999999999994,0,0,0.0000e+00,0.0000e+00,2.5039e-03,3.2922e-04
7.549999999999994,0,0,0.0000e+00,0.0000e+00,1.7712e-03,2.3288e-04
7.649999999999993,0,0,0.0000e+00,0.0000e+00,1.1789e-03,1.5500e-04
7.749999999999993,0,0,0.0000e+00,0.0000e+00,7.0004e-04,9.2044e-05
7.8499999999999925,0,0,0.0000e+00,0.0000e+00,3.1294e-04,4.1147e-05
7.949999999999992,0,0,0.0000e+00,0.0000e+00,3.1294e-04,4.1147e-05
