MAG,N_OBS,N_CUM,BIN_RTE,CUM_RTE,MFD_FIT,MFD_FIT_AREA_NORM
5.55,0,3,0.0000e+00,4.6238e-02,1.2517e-01,5.2427e-02
5.6499999999999995,0,3,0.0000e+00,4.6238e-02,1.0180e-01,4.2639e-02
5.749999999999999,0,3,0.0000e+00,4.6238e-02,8.2719e-02,3.4647e-02
5.849999999999999,0,3,0.0000e+00,4.6238e-02,6.7138e-02,2.8120e-02
5.949999999999998,0,3,0.0000e+00,4.6238e-02,5.4415e-02,2.2792e-02
6.049999999999998,1,3,2.0862e-02,4.6238e-02,4.4026e-02,1.8440e-02
6.149999999999998,0,2,0.0000e+00,2.5376e-02,3.5544e-02,1.4887e-02
6.249999999999997,1,2,1.6968e-02,2.5376e-02,2.8617e-02,1.1986e-02
6.349999999999997,0,1,0.0000e+00,8.4080e-03,2.2961e-02,9.6173e-03
6.449999999999997,0,1,0.0000e+00,8.4080e-03,1.8343e-02,7.6830e-03
6.549999999999996,0,1,0.0000e+00,8.4080e-03,1.4572e-02,6.1036e-03
6.649999999999996,0,1,0.0000e+00,8.4080e-03,1.1493e-02,4.8139e-03
6.749999999999996,0,1,0.0000e+00,8.4080e-03,8.9790e-03,3.7608e-03
6.849999999999995,0,1,0.0000e+00,8.4080e-03,6.9260e-03,2.9009e-03
6.949999999999995,0,1,0.0000e+00,8.4080e-03,5.2497e-03,2.1988e-03
7.0499999999999945,0,1,0.0000e+00,8.4080e-03,3.8809e-03,1.6255e-03
7.149999999999994,0,1,0.0000e+00,8.4080e-03,2.7632e-03,1.1574e-03
7.249999999999994,0,1,0.0000e+00,8.4080e-03,1.8505e-03,7.7510e-04
7.349999999999993,0,1,0.0000e+00,8.4080e-03,1.1053e-03,4.6297e-04
7.449999999999993,0,1,0.0000e+00,8.4080e-03,4.9686e-04,2.0811e-04
7.549999999999993,1,1,8.4080e-03,8.4080e-03,4.9686e-04,2.0811e-04
